Y,X,ID,Debrisno,County,Town,Vill,Overflowno,Overflow_X,Overflow_Y,Address,Total_Res,Res_Class,Risk,Dbno_old,TR_num
23.9090405093847,120.812690854104,827,投縣DF124,南投縣,中寮鄉,和興村,CD01,231165,2644726,中寮鄉和興村永樂路154號(2戶)、154-1號(和興國小)，共3戶,3,1~4戶,中,南投A072,3
23.9113275058033,120.813570703669,828,投縣DF125,南投縣,中寮鄉,和興村,CD01,231128,2645426,無,0,無,低,南投A073,0
23.9143140549888,120.828158382375,829,投縣DF254,南投縣,中寮鄉,和興村,CD01,232640,2645479,中寮鄉和興村12鄰永樂路174號,1,1~4戶,中,投縣M105-15,1
23.9636864979707,120.813808285715,830,投縣DF209,南投縣,中寮鄉,清水村,CD01,231448,2651022,無,0,無,低,投縣M98-09,0
23.9405662825645,120.812761400069,831,投縣DF210,南投縣,中寮鄉,清水村,CD01,231111,2648532,無,0,無,低,投縣M98-10、投縣M98-10-1,0
23.9383172335945,120.811216373245,832,投縣DF210,南投縣,中寮鄉,清水村,CD02,230941,2648125,無,0,無,低,投縣M98-10、投縣M98-10-1,0
23.8797519890792,120.823556860068,833,投縣DF122,南投縣,中寮鄉,福盛村,CD01,231954,2641571,中寮鄉福盛村福山巷53-2號、無門牌1戶,2,1~4戶,中,南投A070,2
23.8832232304393,120.817277473235,834,投縣DF123,南投縣,中寮鄉,福盛村,CD01,231422,2642393,中寮鄉福盛村福山巷93、94、94-1、94-2、95、95-5(粗坑淨水廠)、96、96-1、96-2、96-3、97、97-1、97-2、97-3、97-4、97-5、97-6、97-7、97-8、99-1、99-2、99-7、99-8、99-11號，共計24戶,24,5戶以上,高,南投A071,24
23.9151606154944,120.774862873674,835,投縣DF121,南投縣,中寮鄉,廣福村,BD01,227173,2645770,中寮鄉廣福村內城巷57、56-1號,2,1~4戶,低,南投A074,2
24.0839510512679,120.988785994229,836,投縣DF005,南投縣,仁愛鄉,互助村,CD01,249050,2664623,無,0,無,低,南投061,0
24.0633955336375,120.967283646035,837,投縣DF006,南投縣,仁愛鄉,互助村,CD01,246786,2661792,仁愛鄉互助村中華路96、97、97-1、98、99、100、101、101-1、102、102-1、103、105、106、106附1、108、110、113、127、138附1、140號，共20戶,20,5戶以上,高,南投059,20
24.0623416351717,120.963204091115,838,投縣DF007,南投縣,仁愛鄉,互助村,CD01,246275,2661705,仁愛鄉互助村中華路67-1、68、74、83、84-1、158、159、160、162、163、163附3、167、168、169、170、171號,16,5戶以上,中,南投058,16
24.0689506067288,120.954846239108,839,投縣DF008,南投縣,仁愛鄉,互助村,CD01,245393,2662798,仁愛鄉互助村明月巷2、3、5、7、9、10、11、11附1、12、13、13-1、15、16、17、18、19、20、21、22、23、27、28、29、33、33附1、35、36、37、38、39、40、57號；清風路3、6、7號，共35戶,35,5戶以上,中,南投A022,35
24.0626347306123,120.953205277546,840,投縣DF009,南投縣,仁愛鄉,互助村,CD01,245254,2661872,無,0,無,低,南投A106,0
23.9107739358204,121.029792256057,841,投縣DF026,南投縣,仁愛鄉,法治村,BD01,252927,2645278,無,0,無,低,南投T001、投縣M107-2,0
23.9070628220512,121.041565150446,842,投縣DF026,南投縣,仁愛鄉,法治村,CD01,254092,2644700,仁愛鄉法治村界山巷102號,1,1~4戶,低,南投T001、投縣M107-2,1
23.9126353114125,121.043562480063,843,投縣DF027,南投縣,仁愛鄉,法治村,CD01,254234,2645514,仁愛鄉法治村界山巷19-1、32、52、60-1、61、62、62-1(武界基督長老教會)、68、69、70、70-1、72-1、72-2、76、77、78、79、79-1、80、81、82、83、85、86、87、88、88附1、89、92、93、94、95、100、101、101-1、101,45,5戶以上,中,南投019,45
23.9099521850667,121.050618257018,844,投縣DF028,南投縣,仁愛鄉,法治村,CD01,255339,2645108,仁愛鄉法治村武安路30、31、32、33、34、35-1、35-2號及無門牌3間，共10戶,10,5戶以上,中,南投A014,10
23.9161135646469,121.045960365552,845,投縣DF029,南投縣,仁愛鄉,法治村,CD01,254536,2645851,仁愛鄉法治村界山巷4(法治派出所)、5、6(法治國小)、9、11號及法治村衛生室，共計6戶,6,5戶以上,高,南投018,6
24.0140997542571,121.103915416411,846,投縣DF010,南投縣,仁愛鄉,南豐村,CD01,260764,2656836,仁愛鄉南豐村中正路1、3、4、4附1、5、8、8-7號，共7戶,7,5戶以上,高,南投A001,7
24.0063936927642,121.094304753056,847,投縣DF011,南投縣,仁愛鄉,南豐村,CD01,259714,2655561,仁愛鄉南豐村中正路25、26之1、27、27之1、27之2、28、28之1、29、30、31、32、33、34、35、35之1、36、37、38、43、45、46、47、47附1、48、49、50、51、51之1、55、56、58、63、63附1、64、64之1、66、68、70、7,40,5戶以上,高,南投003,40
24.0076702455559,121.086985878266,848,投縣DF012,南投縣,仁愛鄉,南豐村,CD01,258972,2656267,仁愛鄉南豐村松原巷7、8、12、13、13附1、14、15、15附1、17、17之1、19、19之1、22、22附6、23、25、25之1、26、27、28、29、30、30之1、31、31之1、32、33、34、35、35附1(南豐村衛生室)、35附2(南豐社區活�,70,5戶以上,高,南投A002,70
24.0020002807248,121.086263457889,849,投縣DF013,南投縣,仁愛鄉,南豐村,CD01,258846,2655005,仁愛鄉南豐村中正路87之2(仁愛鄉農會集貨場)、88(中油聖本篤加油站)、88附1號，共計3戶,3,1~4戶,高,南投004,3
24.0053952338387,121.065709183246,850,投縣DF014,南投縣,仁愛鄉,南豐村,CD01,256825,2655723,仁愛鄉南豐村楓林路59、60、61、62、63、71號，共6戶,6,5戶以上,高,南投006,6
24.0012702901424,121.07905270058,851,投縣DF015,南投縣,仁愛鄉,南豐村,CD01,257969,2655222,無,0,無,低,南投A003,0
23.9958134062059,121.077954916351,852,投縣DF016,南投縣,仁愛鄉,南豐村,CD01,258016,2654500,仁愛鄉南豐村中正路109-1號,1,1~4戶,中,南投005,1
23.9950304430787,121.077110204081,853,投縣DF017,南投縣,仁愛鄉,南豐村,CD01,257913,2654394,仁愛鄉南豐村中正路109之2、112、113號，共計3戶,3,1~4戶,高,南投A004,3
23.9954260856285,121.073044542813,854,投縣DF018,南投縣,仁愛鄉,南豐村,CD01,257313,2654388,無門牌住戶(大園藝),1,1~4戶,低,南投A005,1
23.998189761006,121.059301014798,855,投縣DF019,南投縣,仁愛鄉,南豐村,BD01,256671,2654073,仁愛鄉南豐村中正路139、140、140-1號；埔里鎮蜈蚣里中山路一段2、6、8、10-1號,7,5戶以上,高,南投A006,7
24.0302039444531,121.161236508439,856,投縣DF030,南投縣,仁愛鄉,春陽村,BD01,266303,2658589,無門牌保全住戶,1,1~4戶,中,南投002,1
24.0261094655103,121.16330890666,857,投縣DF030,南投縣,仁愛鄉,春陽村,CD01,266618,2658040,春陽橋頭露營區,1,1~4戶,中,南投002,1
24.0279947718629,121.14992648925,858,投縣DF263,南投縣,仁愛鄉,春陽村,BD01,265236,2658344,仁愛鄉春陽村源泉巷8、9、15、15之1、15-1附1、16之1、16之3、21、21附1、67、67之1、68、69、70號，共計14戶,14,5戶以上,中,投縣M112-1,14
24.0254531275134,121.149856146226,859,投縣DF263,南投縣,仁愛鄉,春陽村,CD01,265288,2657930,仁愛鄉春陽村永樂巷27附2號,1,1~4戶,中,投縣M112-1,1
24.1693038159929,121.166210042701,860,投縣DF242,南投縣,仁愛鄉,發祥村,BD01,266925,2673904,仁愛鄉發祥村仁盛路89號,1,1~4戶,中,投縣M100-82,1
24.1562814633584,121.177098095829,861,投縣DF242,南投縣,仁愛鄉,發祥村,CD01,267742,2672366,仁愛鄉發祥村仁盛路20-2號(紅香山莊)及無門牌一戶，共計2戶,2,1~4戶,中,投縣M100-82,2
24.0812023692626,121.013492178823,862,投縣DF001,南投縣,仁愛鄉,新生村,CD01,251614,2663771,無,0,無,中,南投064,0
24.0818251568211,121.010644101999,863,投縣DF002,南投縣,仁愛鄉,新生村,CD01,251192,2663891,無,0,無,低,南投063,0
24.0804689499493,121.003671681638,864,投縣DF003,南投縣,仁愛鄉,新生村,CD01,250455,2663780,無,0,無,低,南投062,0
24.0714827413107,120.981935537934,865,投縣DF004,南投縣,仁愛鄉,新生村,CD01,248366,2662788,仁愛鄉新生村山林巷7、17之1、67、119、120、121、121之1、126、127、128、128附1、155附2、156、158、159、159之1、165、165附1、166、167附2、168附1、173、176、177、178、179、180、182、182附1、182之1、185、186��,41,5戶以上,中,南投060,41
23.9270302790081,121.074772269874,866,投縣DF024,南投縣,仁愛鄉,萬豐村,CD01,257965,2646710,仁愛鄉萬豐村清華巷112-1號及無門牌2戶，共3戶,3,1~4戶,中,南投A013,3
23.94540791741,121.078440613728,867,投縣DF025,南投縣,仁愛鄉,萬豐村,CD01,258346,2649030,仁愛鄉萬豐村清華巷4(2戶)、9、10、11、12、13、14、15、16、17、19之1、19、20、22、23、24、25、26、28、29、30、31、32、33之1(2戶)、33(2戶)、34、37(2戶)、39、41、42、43、44、46、47、48、49、50、52、55、57,131,5戶以上,中,南投014,131
23.9352049092381,121.074336385284,868,投縣DF244,南投縣,仁愛鄉,萬豐村,CD01,257763,2647895,仁愛鄉萬豐村9鄰清華巷134、136號,2,1~4戶,中,投縣M100-87,2
23.9514064512039,121.081145572524,869,投縣DF248,南投縣,仁愛鄉,萬豐村,CD01,258461,2649525,仁愛鄉萬豐村清華巷94-1號、萬豐圓覺寺、工人貨櫃屋,3,1~4戶,中,投縣M101-1,3
24.022824605211,121.187858408962,870,投縣DF031,南投縣,仁愛鄉,精英村,CD01,269663,2657796,仁愛鄉精英村榮華巷9、9-1、10、11、12(3戶)、13-1、15、16(2戶)、16-1、17(2戶)、17-1、18、19、20、21、22、23、24、24-1、25(2戶)、25-1(3戶)、25-2(2戶)、37(2戶)、37-1、37-2、38(2戶)、38-2(2戶)、38-4、39、39-1、3,53,5戶以上,高,南投001,53
23.9764331723513,121.126796687343,871,投縣DF020,南投縣,仁愛鄉,親愛村,CD01,262733,2652461,無,0,無,低,南投008,0
23.9688167668793,121.107576741142,872,投縣DF021,南投縣,仁愛鄉,親愛村,CD01,260955,2651369,仁愛鄉親愛村高平路4(親愛派出所)、4附1(親愛村辦公室)、5、5之1、5之10、6、7、8、9、10、11、12、13、14、14之1、15、15之1、16、17、18、19、19附1、20、21、21之1(親愛村衛生室)、24、26、31、31附1、3,31,5戶以上,高,南投新增01,31
23.9686226426432,121.105664038286,873,投縣DF022,南投縣,仁愛鄉,親愛村,CD01,260592,2651310,仁愛鄉親愛村高平路39、40、41、46、46-1、47、47-1、49、58、59、60、62、63、64、66、67、67-1、69、70、70-1、72、73、74、74-1、75、76、76附1、78、79、79附1、81、81附1、81附2、82、83、84、85、86、89、89附1,65,5戶以上,中,南投新增01-2,65
23.9662084328773,121.081083236342,874,投縣DF023,南投縣,仁愛鄉,親愛村,CD01,258081,2651495,無,0,無,持續觀察,南投011,0
23.7290567680531,120.854159933384,875,投縣DF164,南投縣,水里鄉,上安村,CD01,235228,2624979,水里鄉上安村福田路5、6、7、10、12、18、20、22、26、28號；福田路1巷3、5號，共計12戶,12,5戶以上,高,南投N019,12
23.7314802283944,120.864905043239,876,投縣DF165,南投縣,水里鄉,上安村,BD01,236283,2625220,水里鄉上安村三部路56號、三部五路1號，共計2戶,2,1~4戶,高,南投071,2
23.7286714312509,120.869851589155,877,投縣DF165,南投縣,水里鄉,上安村,BD02,236809,2624923,水里鄉上安村三部七路1號，共計1戶,1,1~4戶,高,南投071,1
23.730152576174,120.871689454144,878,投縣DF165,南投縣,水里鄉,上安村,BD03,237013,2625165,水里鄉上安村三部七路3號，共計1戶,1,1~4戶,高,南投071,1
23.7337788923002,120.855146258362,879,投縣DF165,南投縣,水里鄉,上安村,CD01,235590,2625592,水里鄉上安村水信路三段117-1號(上安社區活動中心)、129、131、133、137、139、149、151、153、155、157、159、161、162、163、165、171、173、176、177、178、179、180、181、182、183、185、186、188、189、190、191�,156,5戶以上,高,南投071,156
23.7161621447883,120.862817013573,880,投縣DF185,南投縣,水里鄉,上安村,CD02,236026,2623756,水里鄉上安村三十甲路22之1號，共1戶,1,1~4戶,高,南投026、投縣M105-17、南投M108-1,1
23.7277940719565,120.854144188365,881,投縣DF217,南投縣,水里鄉,上安村,CD01,235302,2624845,水里鄉上安村水信路三段103巷5、7、11號；福田路5號；福田路1巷3、5、8號，共計7戶,7,5戶以上,高,南投N019-1,7
23.7174661216554,120.858918611206,882,投縣DF257,南投縣,水里鄉,上安村,CD01,235728,2623840,水里鄉上安村14鄰三十甲路7巷5、9、10、12、18號,5,5戶以上,高,投縣M105-18,5
23.826207398714,120.858852503138,883,投縣DF215,南投縣,水里鄉,水里村,CD01,235518,2635923,水里鄉水里村9鄰3號,1,1~4戶,低,投縣M98-11,1
23.7876633487746,120.904211987327,884,投縣DF173,南投縣,水里鄉,民和村,CD01,240039,2631777,水里鄉民和村民和路367巷6、9、11號，共計3戶,3,1~4戶,低,南投A086,3
23.7988588523186,120.917213451379,885,投縣DF174,南投縣,水里鄉,民和村,CD01,241495,2633073,水里鄉民和村中學路25、29(民和國中)、31、41、43、48號；下城路40、50、67、68、76、78、83、97號；下城路31巷6、8號；下城路37巷2、8號；下城路41巷8號；下城路46巷1、8、11號；下城路60巷1、3、9、1,28,5戶以上,高,南投A085,28
23.7980371104405,120.922946745795,886,投縣DF175,南投縣,水里鄉,民和村,CD01,242244,2632878,水里鄉民和村茄苳路10、16、225號、民和路151、157、165、167、169、171、173、175、181、183、185、187、189、197、199、203、205、217、222、226、228、232、236、238、250、252、256、260、262、266、268、280、282、2,108,5戶以上,高,南投A084,108
23.8048398763044,120.925472392672,887,投縣DF175,南投縣,水里鄉,民和村,CD02,242309,2633905,水里鄉民和村5鄰益則路35號,1,1~4戶,高,南投A084,1
23.7920206656163,120.821460092255,888,投縣DF159,南投縣,水里鄉,玉峰村,BD01,231845,2631436,水里鄉玉峰村永樂巷70、70-1、71、72、73號，共計5戶,5,5戶以上,高,南投A092,5
23.8061351549327,120.825822365657,889,投縣DF159,南投縣,水里鄉,玉峰村,CD01,231889,2633028,水里鄉玉峰村仁愛路25號(綠知心泉露營區),1,1~4戶,高,南投A092,1
23.8013407760878,120.834341218162,890,投縣DF216,南投縣,水里鄉,玉峰村,CD01,233126,2632639,水里鄉玉峰村萬壽巷45、45-1、46號，共計3戶,3,1~4戶,中,投縣M98-13、投縣M98-14,3
23.8535796635683,120.871548287899,891,投縣DF077,南投縣,水里鄉,車埕村,CD01,236983,2638838,無,0,無,持續觀察,南投052,0
23.8580415868764,120.864918280361,892,投縣DF153,南投縣,水里鄉,車埕村,BD01,236003,2639416,水里鄉車埕村13鄰明潭巷104、105、107號,3,1~4戶,中,南投053,3
23.8476298407209,120.861701409452,893,投縣DF154,南投縣,水里鄉,車埕村,BD01,235644,2638285,水里鄉車埕村10鄰深坑巷9-3(守望相助隊)、10號,2,1~4戶,中,南投051,2
23.8410158521652,120.859380456373,894,投縣DF155,南投縣,水里鄉,車埕村,BD01,235462,2637385,水里鄉車埕村9鄰竹湖巷16-1、26號(車埕老人活動中心),2,1~4戶,高,南投050,2
23.8380466945819,120.860796728777,895,投縣DF156,南投縣,水里鄉,車埕村,CD01,235668,2637002,水里鄉車埕村8鄰竹湖巷7、7-1、7-2號及無門牌一戶,4,1~4戶,低,南投A089,4
23.8423638544948,120.859675837963,896,投縣DF255,南投縣,水里鄉,車埕村,CD01,235611,2637646,水里鄉車埕村竹湖巷35、37、37之1號,3,1~4戶,中,投縣M105-8,3
23.7391062968831,120.85913826616,897,投縣DF166,南投縣,水里鄉,郡坑村,BD01,236442,2625602,水里鄉上安村水信路三段400、402號；水里鄉郡坑村水信路二段3、8(冒煙的饅頭店)、10(群晏機車行)、13、15、17、19、21、23、25、27、29、31、32、33、35、36、37、38、41、47、49、51、52、53、55、57、58�,54,5戶以上,高,南投070,54
23.740863782647,120.860607303347,898,投縣DF167,南投縣,水里鄉,郡坑村,BD01,236503,2626020,水里鄉郡坑村水信路二段60(郡坑社區活動中心)、67、69、71、73、75、79、81、85、87、89、93、93、95、97、99、101、103、105、107、109、117、119、121、125、129、133、137號；水信路二段65巷7號；水信路二�,49,5戶以上,高,南投069,49
23.7527828478599,120.86227828782,899,投縣DF168,南投縣,水里鄉,郡坑村,CD01,236275,2627647,水里鄉新山村香蕉巷21號及對面檳榔攤等2戶,3,1~4戶,中,南投A087,3
23.786785737034,120.885199028524,900,投縣DF171,南投縣,水里鄉,頂崁村,CD01,238186,2631599,無,0,無,低,南投A116,0
23.7916359906061,120.896258825734,901,投縣DF172,南投縣,水里鄉,頂崁村,CD01,239458,2632146,水里鄉頂崁村4鄰正德路21、36、40、42、48、50、56、58號,8,5戶以上,高,南投A115,8
23.7913789939273,120.894496316271,902,投縣DF238,南投縣,水里鄉,頂崁村,CD01,239230,2632045,水里鄉頂崁村4鄰正德路45號,1,1~4戶,低,投縣M100-92,1
23.7669552031477,120.865881483185,903,投縣DF169,南投縣,水里鄉,新山村,CD01,236498,2629077,水里鄉新山村1鄰香蕉巷13-5、13-6、16-3、16-4(2戶)、16-5(2戶)、16-6(2戶)、16-8、16-9、17、17-1號、無門牌一戶(原保全住戶香蕉巷16-10、16-12、16-13號已毀損),17,5戶以上,中,南投068,17
23.7693103538273,120.866853055072,904,投縣DF170,南投縣,水里鄉,新山村,CD01,236832,2629397,水里鄉新山村梧桐巷23-1號(龍玄宮)，(原保全住戶香蕉巷5-1、7、7-1、9~12號已毀損),1,1~4戶,低,南投025,1
23.8252501321485,120.846404018194,905,投縣DF157,南投縣,水里鄉,新城村,AD01,234317,2636004,水里鄉新城村福德路49號、51號、53號、福德路37巷5號、6號、7號,6,5戶以上,高,南投A090,6
23.8218685949135,120.845587438043,906,投縣DF157,南投縣,水里鄉,新城村,BD01,234320,2635613,水里鄉新城村中山路二段303、305號、378號、327號、371號、407號~421號(單)、470號~478號(雙)、369巷2號、7號、9號、18號、20號、480巷1號~7號、福德路3巷1號~8號、5巷1號~9號、7巷1號~9號、11巷1號~15號、1,131,5戶以上,高,南投A090,131
23.8200490538167,120.842734497477,907,投縣DF157,南投縣,水里鄉,新城村,CD01,234252,2635349,水里鄉新城村中山路二段423~431號(單號),5,5戶以上,高,南投A090,5
23.8266401900341,120.837331433871,908,投縣DF158,南投縣,水里鄉,新城村,CD01,233515,2636055,無,0,無,低,南投A091,0
23.8889559552872,120.870063807792,909,投縣DF150,南投縣,水里鄉,新興村,CD01,236650,2642885,水里鄉新興巷28(3戶)、29、29-1、42號，共計6戶,6,5戶以上,高,南投056,6
23.8848111791315,120.871028209357,910,投縣DF151,南投縣,水里鄉,新興村,CD01,236271,2642406,水里鄉新興村新興巷1、1之1、1之2、1之3、2之1、2之2、2之3、3、3之6、7、8、10、10之1、10之2、10之5、10之6(新興村集會所及老人會館)、10之7、10之8、10之9、10之10、10之11、10之12、10之13、10之15、12,42,5戶以上,高,南投055,42
23.8626899714625,120.86990216921,911,投縣DF152,南投縣,水里鄉,新興村,CD01,236599,2639730,無,0,無,低,南投A114,0
23.8083470272168,120.882739712654,912,投縣DF176,南投縣,水里鄉,鉅工村,AD01,238122,2633760,水里鄉頂崁村1鄰頂平路181巷16號,1,1~4戶,中,南投A088,1
23.8081181517556,120.861824425716,913,投縣DF176,南投縣,水里鄉,鉅工村,CD01,236263,2633779,水里鄉鉅工村1鄰成功路15~49(單號)、63號、87巷1號、民生路32號、1巷4-2號、36巷1號、46巷1號；永豐村14鄰水信路一段649號、永豐一路6~13、15、16號；頂崁村13鄰水信路一段726、730、736號；南光村1鄰,39,5戶以上,中,南投A088,39
23.7717339902985,120.854687158137,914,投縣DF160,南投縣,水里鄉,興隆村,CD01,234847,2629794,無,0,無,中,南投065,0
23.7660085694035,120.856524579383,915,投縣DF161,南投縣,水里鄉,興隆村,BD01,235193,2629171,水里鄉興隆村林朋巷105號(興隆國小，已廢校)、106號、106-3號、無門牌住戶一戶,4,1~4戶,低,南投A117,4
23.7601292070087,120.854635288632,916,投縣DF162,南投縣,水里鄉,興隆村,CD01,234951,2628550,無,0,無,中,南投066,0
23.753740913804,120.853425759966,917,投縣DF163,南投縣,水里鄉,興隆村,CD01,234854,2627870,無,0,無,低,南投067,0
23.7148050868556,120.84350172422,918,投縣DF256,南投縣,水里鄉,興隆村,BD01,233701,2623616,水里鄉興隆村林朋巷8鄰1之1、2、6號,3,1~4戶,低,投縣M105-21,3
23.8590677563712,120.710972501099,919,投縣DF126,南投縣,名間鄉,仁和村,CD01,220677,2639554,名間鄉仁和村1鄰山腳巷1、27(北玄宮)、27-7、27-8、27-10、27-12、27-16、27-17、27-20、28、28-1、28-2、28-3、28-4、28-5、28-6、29、29-1、29-2、29-3、30、30-1、31、31-1、31-2號等，共25戶,25,5戶以上,高,南投A099,25
23.8795966428779,120.719364085994,920,投縣DF211,南投縣,名間鄉,萬丹村,BD01,221547,2641894,無門牌廢棄木屋1戶,1,1~4戶,低,投縣M98-12,1
23.8040607464963,120.741781733916,921,投縣DF128,南投縣,竹山鎮,中央里,BD01,223755,2633424,竹山鎮中央里1鄰枋寮巷5、6、7、8、8-1、9、11、12號，共8戶,8,5戶以上,中,南投A098,8
23.7196364113761,120.701551037121,922,投縣DF131,南投縣,竹山鎮,秀林里,CD01,219760,2624076,竹山鎮秀林里頂林路399-1(頂林派出所)、403、407、486、500、502、504、506號；光林巷1、1-1、2、3、5~7、9號；光輝巷1、1-2、1-3、2、3、3-5、4、4-1、5、5-1、6~12、18、19、20號,36,5戶以上,高,南投A105,36
23.7335845594782,120.703981544088,923,投縣DF258,南投縣,竹山鎮,秀林里,CD01,219903,2625611,竹山鎮秀林里16鄰中坑路橫巷3號,1,1~4戶,低,投縣M105-13,1
23.7823581877277,120.716422140034,924,投縣DF129,南投縣,竹山鎮,延平里,CD01,221245,2631001,無,0,無,低,南投A097,0
23.7782045814654,120.715795336476,925,投縣DF130,南投縣,竹山鎮,延平里,CD01,221182,2630359,竹山鎮延平里藤湖巷27、34、34-2、34-4、35、36、36-1、36-2、37、41、44、45、48、48-1、50、51、52、53、55、57號,20,5戶以上,中,南投A095,20
23.7795601796682,120.716453713907,925,投縣DF130,南投縣,竹山鎮,延平里,CD01,221182,2630359,竹山鎮延平里藤湖巷27、34、34-2、34-4、35、36、36-1、36-2、37、41、44、45、48、48-1、50、51、52、53、55、57號,20,5戶以上,中,南投A095,20
23.6321785928392,120.653769023101,926,投縣DF259,南投縣,竹山鎮,桶頭里,CD01,214517,2614395,竹山鎮桶頭里3鄰鯉南路384-5、384-6、384-16、407、408號,5,5戶以上,中,投縣M105-10,5
23.6231814554921,120.661201024974,927,投縣DF260,南投縣,竹山鎮,桶頭里,BD01,215487,2613295,竹山鎮桶頭里14鄰小旗巷50號,1,1~4戶,中,投縣M105-9,1
23.6249712946074,120.659686313412,928,投縣DF260,南投縣,竹山鎮,桶頭里,CD01,215340,2613435,竹山鎮桶頭里14鄰小旗巷36、37、54號,3,1~4戶,中,投縣M105-9,3
23.6662247056782,120.673291394572,929,投縣DF132,南投縣,竹山鎮,瑞竹里,CD01,216833,2617748,竹山鎮瑞竹里瑞東巷19、20號(瑞竹國中)，共計2戶,2,1~4戶,中,南投A123,2
23.6609268499649,120.664524321281,930,投縣DF133,南投縣,竹山鎮,瑞竹里,BD01,215911,2617397,竹山鎮瑞竹里鯉南路297、301、301-1、302-1、302-2、303、304、304-1、304-3、304-6、304-7、304-8、304-9、304-15、304-16、304-18、305-1、305-4、305-5、305-10、306號，瑞南巷1、2、3、4、5、7、8、9、9-1、10、12、13、,40,5戶以上,中,南投041,40
23.7839781654489,120.918136381889,931,投縣DF184,南投縣,信義鄉,人和村,BD01,241605,2630832,信義鄉人和村波石巷27、112-2、118、119-2、122-2號、信義鄉人和村9鄰、10鄰及無門牌5戶,18,5戶以上,高,南投A119,18
23.7851971754218,120.924254728825,932,投縣DF237,南投縣,信義鄉,人和村,CD01,242200,2630845,信義鄉人和村波石103、117號,2,1~4戶,中,投縣M100-95,2
23.5386155156457,120.917071908763,933,投縣DF201,南投縣,信義鄉,同富村,CD01,241371,2604005,無,0,無,中,南投035,0
23.5639284271926,120.874546450421,934,投縣DF202,南投縣,信義鄉,同富村,CD01,237517,2606481,信義鄉同富村太平巷58、62、63、64、67、74、75、93號，共8戶,8,5戶以上,高,南投036,8
23.5714462324257,120.883846044861,935,投縣DF203,南投縣,信義鄉,同富村,BD01,238528,2607238,無,0,無,中,南投074,0
23.5523417603064,120.871489533484,936,投縣DF228,南投縣,信義鄉,同富村,BD01,237072,2605214,信義鄉同富村11鄰太平巷103之1、104、105之1、109之1號、12鄰太平巷107、107之1、107之2號,7,5戶以上,高,投縣M99-19,7
23.5919719160095,120.887405206764,937,投縣DF229,南投縣,信義鄉,同富村,CD01,238271,2609710,信義鄉同富村同和巷10、17-1、17~21、22-1、22-2、22~30、25-1、26-1、26-2、31-1、32-1、32~34、34-1、36、37-1、37-2、39、40、40-1、40-3、41-1、41-2、41-5、41-6、41-7、50、51-2、51-3、52-2、53-1、53-3、53~56、54-1、54,62,5戶以上,中,投縣M99-21,62
23.577481508609,120.888183252629,938,投縣DF235,南投縣,信義鄉,同富村,BD01,238646,2607958,信義鄉同富村太平巷17之1號、26之1、26之2、26之6號,4,1~4戶,低,投縣M100-15,4
23.795356824445,120.948931552787,939,投縣DF181,南投縣,信義鄉,地利村,CD01,244988,2632632,信義鄉地利村開信巷61、61之1、63、63之3、64、65、65之1、65之2、68、68之1、68之2、70、70之1、70之2、70之3、73之2、73之3、74、74之1、74之2、75、76、76之1、76之2、76之3、76之5、77、77之1、80、80之1、8,56,5戶以上,高,南投023,56
23.6903216865315,120.849084686537,940,投縣DF192,南投縣,信義鄉,自強村,CD01,234177,2620259,信義鄉自強村綠美巷1、3~6、6之1、7、7之1、8、9、9之1、9之2、10、10之1、10之2、11之1、11之2、12之1、12之2、14之1、19~21、21之3、22、22之1、23、25、25之1、25之5、26、27、27之1、28、28之1、29、29之1��,105,5戶以上,高,南投072,105
23.6785510306757,120.861118814403,941,投縣DF220,南投縣,信義鄉,自強村,CD01,235633,2619370,信義鄉自強村陽和巷1號,1,1~4戶,高,投縣M99-26,1
23.6442247259316,120.856858302929,942,投縣DF234,南投縣,信義鄉,自強村,BD01,235120,2615766,信義鄉自強村陽和巷87、88、95號,3,1~4戶,低,投縣M100-99,3
23.7114547041094,120.871307950779,943,投縣DF185,南投縣,信義鄉,明德村,CD01,237542,2623116,信義鄉明德村中平巷9、13、20-1、24、27、27-3、28、29、29-1、32-5(忠信社區活動中心)、32-6、32-7、51-1、66、66-8號,15,5戶以上,高,南投026、投縣M105-17、南投M108-1,15
23.7070023345337,120.85340510465,944,投縣DF186,南投縣,信義鄉,明德村,CD01,235267,2622613,信義鄉明德村玉山路97-1、97-2、97-3、97-4、97-5、97-6、97-7、98、99、100、101、102、103、105、106、107、108、110、111、111-1、113、113-1、113-2、115、115-1、116、116-1、121-1、121-2號,29,5戶以上,高,南投A120,29
23.708272871692,120.85377043458,945,投縣DF186,南投縣,信義鄉,明德村,CD02,235260,2622746,信義鄉明德村玉山路109、109-1、110、111-1、113、113-1、113-2、115、115-1、116、116-1、117、117-1、117-2、117-3、118、118-1、118-2、121、123、127、127-5、129號,23,5戶以上,高,南投A120,23
23.7016191130477,120.853038962858,946,投縣DF187,南投縣,信義鄉,明德村,CD01,235250,2621932,信義鄉明德村玉山路73、73-1~5、145、145-1~6、78~82、82-1~2、85~88、87-1~8、88-1~9、145-1~3號等，共44戶,44,5戶以上,中,南投A121,44
23.6867538823345,120.867240959277,947,投縣DF188,南投縣,信義鄉,明德村,CD01,236899,2620623,無,0,無,持續觀察,南投027,0
23.6942104638677,120.857628763027,948,投縣DF262,南投縣,信義鄉,明德村,CD01,235650,2621167,信義鄉明德村新開巷10、12、13、14、16、17、17-1、21-2、22、23、24、24-1、25、25-1、27、27-1、31(二戶)、32、33、35號及無門牌一戶,22,5戶以上,高,投縣M105-20,22
23.5607048060226,120.928396097288,949,投縣DF204,南投縣,信義鄉,東埔村,CD01,242967,2606565,信義鄉東埔村開高巷37、37之1、38、38之1、39、39之1、39之2、40、41、41之1、42、45、45之1、46、47、60之2、60之3、73號，共計18戶,18,5戶以上,高,南投034,18
23.5678513912156,120.919019577602,950,投縣DF205,南投縣,信義鄉,東埔村,CD01,242258,2607167,信義鄉東埔村開高巷84、97、101之3、102、103、103之1、104、105之1、109、109之1、109之2、110、114、118、119之8、136之1號、無門牌1戶，共計17戶,17,5戶以上,高,南投033,17
23.5701185392922,120.915468115743,951,投縣DF206,南投縣,信義鄉,東埔村,CD01,241708,2607546,信義鄉東埔村開高巷119之8、125、126、126之1號、129、129之6、132、138號、無門牌3戶，共計11戶,11,5戶以上,高,南投A122,11
23.5758289421317,120.909260406311,952,投縣DF207,南投縣,信義鄉,東埔村,CD01,240947,2608230,信義鄉東埔村開高巷146，147，147-1，147-2,4,1~4戶,中,南投032,4
23.5850745233849,120.899141601554,953,投縣DF208,南投縣,信義鄉,東埔村,CD01,240103,2609090,信義鄉東埔村開高巷139之2、139之6、143、150、150之1、150之2、151、152號，共計8戶,8,5戶以上,高,南投031,8
23.5754918197864,120.877309511241,954,投縣DF194,南投縣,信義鄉,神木村,CD01,237109,2608069,信義鄉神木村民和巷23、31-2、32號，共3戶,3,1~4戶,中,南投040,3
23.5654853076964,120.869190064889,955,投縣DF195,南投縣,信義鄉,神木村,CD01,236475,2606981,信義鄉神木村5鄰民和巷59、59之2、59之6、60、61、61之1、61之2號,7,5戶以上,高,南投039,7
23.5619456671871,120.868483322449,956,投縣DF196,南投縣,信義鄉,神木村,CD01,236234,2606602,信義鄉神木村民和巷13、59-1、59-3、60、61、61-1、61-2、64、64-1、64-2、65、65-1、65-2、65-6(隆華國小)、66-1、66-2、66-3、67、68、68-1、70-1號、神木巷1、1-1、1-2、2、2-1、2-3、3、3-2、3-3、3-5、3-7、4、6-1�,50,5戶以上,高,南投038,50
23.5588210050427,120.867194050925,957,投縣DF197,南投縣,信義鄉,神木村,CD01,236201,2606098,信義鄉神木村6鄰神木巷3-5、3-6、3-7、6-2、13、7鄰神木巷19、19-1、19-3、19-8及無門牌1戶，共10戶,10,5戶以上,高,南投A100,10
23.5557081877275,120.859679500172,958,投縣DF198,南投縣,信義鄉,神木村,CD01,235327,2605880,無,0,無,低,南投037,0
23.527635481842,120.857064894106,959,投縣DF199,南投縣,信義鄉,神木村,CD01,235847,2602549,信義鄉神木村9鄰神木巷52、54號、10鄰神木巷59、62、64、65、68-4、76-1、80號，共9戶,9,5戶以上,高,南投076,9
23.5232120271163,120.862557584345,960,投縣DF199,南投縣,信義鄉,神木村,CD02,236296,2602047,無,0,無,高,南投076,0
23.5446650671708,120.866813181946,961,投縣DF200,南投縣,信義鄉,神木村,CD01,236410,2604255,信義鄉神木村11鄰神木巷77-1號,1,1~4戶,低,南投075,1
23.5325609840998,120.860012892184,962,投縣DF224,南投縣,信義鄉,神木村,BD01,235761,2603160,信義鄉神木村11鄰神木巷70-1、70-2、70-3、70-4、71、71-1、72、72-2及74號，共9戶,9,5戶以上,中,投縣M99-35,9
23.5305733085062,120.851313158837,963,投縣DF225,南投縣,信義鄉,神木村,CD01,234679,2603042,信義鄉神木村8鄰神木巷34-3、34-6、54-1號，共3戶,3,1~4戶,低,投縣M99-34,3
23.5266611119107,120.854520606908,964,投縣DF226,南投縣,信義鄉,神木村,CD01,235014,2602246,信義鄉神木村神木巷34-17、53-1、54號，共計3戶,3,1~4戶,高,投縣M99-3,3
23.5264254015987,120.85648062617,965,投縣DF227,南投縣,信義鄉,神木村,CD01,235397,2602115,信義鄉神木村神木巷46、46-1、46-2、50、55、55-1、55-4、55-6、57、59、60、61、62、65、65-1、66、67、68-4、76-1、76-2、80號，共計21戶,21,5戶以上,高,投縣M99-3,21
23.6292951560226,120.889679770216,966,投縣DF223,南投縣,信義鄉,望美村,CD01,238601,2613755,信義鄉望美村檜木巷32、32-1、32-2、32-3、32-5、32-6、63、79、79-1、79-2號；羅娜村信筆巷182-1、182-6、182-7、182-8、183、183-1號，共計16戶,16,5戶以上,高,投縣M99-1,16
23.6352082173686,120.893645642354,967,投縣DF236,南投縣,信義鄉,望美村,CD01,239281,2614694,信義鄉望美村檜木巷3-2、8、8-2號,3,1~4戶,中,投縣M100-11,3
23.8303657126913,120.940444010502,968,投縣DF177,南投縣,信義鄉,潭南村,BD01,243837,2636640,信義鄉潭南村和平巷86號與無門牌農舍1戶,2,1~4戶,中,南投A081,2
23.8271158911975,120.944906449784,969,投縣DF178,南投縣,信義鄉,潭南村,CD01,245079,2635919,信義鄉潭南村和平巷85、85-8、86、86-5、86-6、86-7、88號及無門牌4戶,11,5戶以上,高,南投022,11
23.8143083065393,120.940091796942,970,投縣DF179,南投縣,信義鄉,潭南村,CD01,243993,2634600,信義鄉潭南村和平巷73號，共計1戶,1,1~4戶,高,南投A082,1
23.8133079286703,120.941000259294,971,投縣DF180,南投縣,信義鄉,潭南村,CD01,244115,2634488,信義鄉潭南村和平巷1、1-1、1-2、1-3、2、3-1、5、6、7、7-1、9、9-1、9-2、9-3、9-5、12、13、14，共計18戶,18,5戶以上,高,南投A118,18
23.6796164767911,120.868838208198,972,投縣DF189,南投縣,信義鄉,豐丘村,CD01,236928,2619667,無門牌工寮1戶，共1戶,1,1~4戶,高,南投028,1
23.6683697184874,120.87672223707,973,投縣DF190,南投縣,信義鄉,豐丘村,CD01,237725,2618469,信義鄉豐丘村高平巷2、3-1、72、75、76、80號，無牌門1戶，共7戶,7,5戶以上,高,南投029,7
23.661008379091,120.882856953739,974,投縣DF191,南投縣,信義鄉,豐丘村,CD01,238509,2617639,無門牌倉庫3戶,3,1~4戶,中,南投030,3
23.6751119148468,120.872144518337,975,投縣DF219,南投縣,信義鄉,豐丘村,CD01,237154,2619190,信義鄉豐丘村高平巷40、42之1、44、46、48、49號,6,5戶以上,高,投縣M99-22,6
23.7872786950327,120.940945050375,976,投縣DF182,南投縣,信義鄉,雙龍村,BD01,244109,2631329,信義鄉雙龍村6鄰光復巷95號,1,1~4戶,低,南投A083,1
23.7836691729353,120.943148353995,977,投縣DF182,南投縣,信義鄉,雙龍村,BD02,244213,2630929,無,0,無,低,南投A083,0
23.7854125255054,120.93243213531,978,投縣DF183,南投縣,信義鄉,雙龍村,CD01,243090,2631224,無,0,無,持續觀察,南投024,0
23.7872243988541,120.951736208264,979,投縣DF218,南投縣,信義鄉,雙龍村,CD01,245241,2631033,無,0,無,中,南投M98-10,0
23.6429381998342,120.880360274711,980,投縣DF193,南投縣,信義鄉,羅娜村,CD01,237105,2614747,信義鄉羅娜村信筆巷172、178-1號，共計2戶,2,1~4戶,高,南投073,2
23.6423738784043,120.884456023491,981,投縣DF221,南投縣,信義鄉,羅娜村,CD01,238127,2615304,無門牌2戶,2,1~4戶,低,投縣M99-47,2
23.6351037765076,120.885785304708,982,投縣DF222,南投縣,信義鄉,羅娜村,BD01,238222,2614498,信義鄉羅娜村信筆巷176、182-2、182-6號,3,1~4戶,中,投縣M99-52,3
23.9382315803678,120.995910939187,983,投縣DF053,南投縣,埔里鎮,水頭里,CD01,249772,2648411,埔里鎮水頭里東潤路22之2、24、24之1、24之2、24之3、24之5、24之6、24之7、24之8、24之9、24之10、24之11、24之12、26之1、26之2號，東潤路26巷6弄3、5、7、8、9、10、11、12、13、15、16、17、18、20、22、26,124,5戶以上,中,南投016,124
23.9849338115151,121.000009383614,984,投縣DF072,南投縣,埔里鎮,牛眠里,BD01,249933,2653552,埔里鎮牛眠里內埔路8、8-1、8-5、9、9-1、9-2、10、10-1、10-2、10-3、11、13-1、13-2、13-3、13-6、14-1、14-2、14-3、15、16-1、16-7、17、16-5、16-6、16-2、16-3、16、25、內埔路15巷3、5、9、12、26號,33,5戶以上,中,南投010,33
23.9829526701678,121.005894707599,985,投縣DF073,南投縣,埔里鎮,牛眠里,BD01,250635,2653344,埔里鎮牛眠里內埔路1、1-1(群岳公司)、1-2、2、2-1、2-3號,6,5戶以上,高,南投A112,6
23.9660930622836,120.902002487355,986,投縣DF040,南投縣,埔里鎮,成功里,CD01,240206,2651237,埔里鎮成功里種瓜路94號,1,1~4戶,低,南投A042,1
23.9643940534113,120.901488404704,987,投縣DF041,南投縣,埔里鎮,成功里,CD01,240101,2650999,埔里鎮成功里1鄰種瓜路94-8、94-12、94-13號，共3戶,3,1~4戶,中,南投A043,3
23.9575839459948,120.896283096259,988,投縣DF042,南投縣,埔里鎮,成功里,CD01,239573,2650306,埔里鎮成功里種瓜路88號,1,1~4戶,低,南投A044,1
23.9534634675414,120.89609341874,989,投縣DF043,南投縣,埔里鎮,成功里,CD01,239564,2649752,埔里鎮成功里種瓜路無門牌農舍1間,1,1~4戶,低,南投A045,1
23.9610145564208,120.891508520615,990,投縣DF044,南投縣,埔里鎮,成功里,CD01,238844,2650537,埔里鎮成功里6鄰種瓜路129號、咿喲ㄟ故鄉營區,2,1~4戶,低,南投A046,2
23.9431177152217,120.994412828147,991,投縣DF054,南投縣,埔里鎮,枇杷里,CD01,249627,2648784,埔里鎮枇杷里枇杷路107、110、110-1、111-2、112、112-1號、水頭里東潤路38-8號(陳綢少年家園),7,5戶以上,低,南投A015,7
23.945101087058,120.993673395811,992,投縣DF055,南投縣,埔里鎮,枇杷里,CD01,249496,2649069,埔里鎮枇杷里枇杷路96、96-1、96-2、96-5、96-6、102、102-1、102-3、103、105-1、105-2、105-6、107、110、110-1、112、112-1號，共17戶,17,5戶以上,中,南投A016,17
23.9669079507909,120.984699842199,993,投縣DF056,南投縣,埔里鎮,枇杷里,CD01,248558,2651515,埔里鎮枇杷里中心路29-1、30-1、30-2、31、31-1、31-2、32、33、34、37、37-1、38(2戶)、38-1、39、39-1、40、40-1、40-2、40-3、40-5、40-7、40-8、42、42-1、42-2、42-3、43-2、43-6、44、44-2、44-3號，共32戶,32,5戶以上,中,南投A020-1,32
23.9509266655276,120.98881715602,994,投縣DF057,南投縣,埔里鎮,枇杷里,CD01,249039,2649596,埔里鎮枇杷里枇杷路82、82-1、82-2、82-3、83、84、85、86、86-1、86-2、87-1、87-2、87-3、87-6、87-7、88-1、88-2、88-3、88-4、88-5、88-6、88-7、88-8、89-1、89-3、91、92、94(地母廟)號，共28戶,28,5戶以上,中,南投A017,28
23.9514987832945,120.988808786492,995,投縣DF058,南投縣,埔里鎮,枇杷里,CD01,248967,2649773,埔里鎮枇杷里枇杷路82、82-1、82-2、82-3、83、84、85、86、86-1、86-2、87-6、88-1、88-2、88-3、88-4、88-5、88-6、88-7、88-8、89-1、89-3、91、92、94(地母廟)號，共24戶,24,5戶以上,低,南投A018,24
23.9606897652372,120.985396335661,996,投縣DF059,南投縣,埔里鎮,枇杷里,CD01,248676,2650617,埔里鎮枇杷里中心路22、22-1、22-2、22-6、23-5、26、26-1、26-2、26-3(月牙莊民宿)、26-6、27-1號、無門牌1戶，共12戶,12,5戶以上,低,南投A019,12
23.9653754283434,120.984944045081,997,投縣DF060,南投縣,埔里鎮,枇杷里,CD01,248671,2651214,埔里鎮枇杷里中心路29、29-1、29-2、29-5、29-11、30、30-1、30-2、30-7、30-8、30-9、31、31-1、31-2、32、34、37、37-1、40、40-1、40-2、40-3、40-5、40-7、40-8、42、44、44-2、44-3號，共29戶,29,5戶以上,中,南投A020,29
23.9793294137902,120.916429003586,998,投縣DF032,南投縣,埔里鎮,南村里,CD01,241388,2652606,埔里鎮南村里中山路四段420、426、462-1、463號,4,1~4戶,低,南投A040,4
23.9772238806799,120.919600139603,999,投縣DF033,南投縣,埔里鎮,南村里,CD01,241780,2652354,埔里鎮南村里中山路四段322、322之1(檜木博物館)、332、353之1、358之1、358之2、359、360、360、361、362、365、366、367、368、369、370、371(奉泰宮)、373(南村里活動中心)、375、376、380、385、388、388之1、,30,5戶以上,中,南投A039,30
23.9748731696447,120.923765451695,1000,投縣DF034,南投縣,埔里鎮,南村里,CD01,242150,2652040,埔里鎮南村里中山路四段184、186、188、190、190-1、192、194、196、198、200、202、208、208-1、208-2、208-3、208-4、208-5、208-6、208-7、208-8、208-9、210、210-1、210-2、210-3、210-4、210-5、210-6、210-7、210-8、210-9,50,5戶以上,高,南投A038,50
23.9714099938267,120.928599516237,1001,投縣DF035,南投縣,埔里鎮,南村里,CD01,242590,2651704,埔里鎮南村里中山路四段136、138、140、142、146、148、150、152、154、160、162、168、170、172之1、197、199、201、205之1、205之2、211、213(慈惠堂)、215、223、225、231號等，共計25戶,25,5戶以上,中,南投A037,25
23.9638069675512,120.939712353022,1002,投縣DF036,南投縣,埔里鎮,南村里,CD01,243897,2650863,埔里鎮南村里南村一巷1、1之1、1之2、1之3、1之4、1之5、1之7、1之8、1之11、1之13、1之15、1之17、1之18、2、2之1、3(九龍太子宮)、3之3、3之5、3之6、3之7、6、6之1、6之2、6之3、17號等，共計25戶,25,5戶以上,中,南投A035,25
23.9776242586652,120.916962205718,1003,投縣DF250,南投縣,埔里鎮,南村里,CD01,241409,2652317,埔里鎮南村里中山路四段279、398、410、414、415、420~423、426、426之1、427、429、無門牌1戶,14,5戶以上,中,投縣M105-4,14
23.9414398874984,120.924352455456,1004,投縣DF037,南投縣,埔里鎮,桃米里,CD01,242181,2648647,埔里鎮桃米里種瓜路1、1-1號、73號、75號,4,1~4戶,低,南投A036,4
23.9392997253505,120.942233158592,1005,投縣DF038,南投縣,埔里鎮,桃米里,BD01,244441,2648065,埔里鎮桃米里桃米巷11、1之7、2之1、2之2、2之3、4、5、5之2、5之3、5之6、5之8、6、6之1、6之2、6之3、6之6、7、9之1、9之2、9之3、9之19，共計21戶,21,5戶以上,中,南投A034,21
23.9419077130462,120.937147516985,1006,投縣DF038,南投縣,埔里鎮,桃米里,CD01,243659,2648385,埔里鎮桃米里桃米巷9之9、9之16、11、11之1、11之2、11之3、11之9號，共計7戶,7,5戶以上,中,南投A034,7
23.9482849930193,120.912777222687,1007,投縣DF039,南投縣,埔里鎮,桃米里,CD01,241054,2649435,埔里鎮桃米里種瓜路46號、46-1號、46-2號、47號，48號、49號，共6戶,6,5戶以上,中,南投A041,6
23.9601002538255,121.002679762124,1008,投縣DF061,南投縣,埔里鎮,蜈蚣里,CD01,250517,2650560,埔里鎮蜈蚣里鯉魚路25-3(光明仁愛之家與天元佛院)及49號，共2戶,2,1~4戶,低,南投013,2
23.9544027700271,121.000312680364,1009,投縣DF062,南投縣,埔里鎮,蜈蚣里,CD01,250309,2649891,埔里鎮蜈蚣里6鄰鯉魚路43之6、55號(聯勤司令部彈藥庫房)，共2戶,2,1~4戶,低,南投015,2
23.963125939289,120.99736208972,1010,投縣DF063,南投縣,埔里鎮,蜈蚣里,CD01,249596,2650989,埔里鎮蜈蚣里5鄰鯉魚二巷14、15、16(山水雅築民宿)、16-1、16-2、17、18(湖濱小棧民宿)、19、20號(天水蓮大飯店)，共9戶,9,5戶以上,中,南投A113,9
23.9752896743751,120.999496473755,1011,投縣DF064,南投縣,埔里鎮,蜈蚣里,CD01,249983,2652370,埔里鎮蜈蚣里榮光路5、5-1、5-2、5-3、5-4、5-5、5-6、6、7、8、8-1、8-2、8-3、8-4、8-5、8-6、8-7、8-8、11、12、13、14、15、16-1、17、18、19、22、24號，共29戶,29,5戶以上,低,南投A012,29
23.9837137329983,121.015505253276,1012,投縣DF065,南投縣,埔里鎮,蜈蚣里,CD01,251669,2653156,埔里鎮蜈蚣里中山路一段148之3(內巷甕缸雞餐廳)、148之6、150、150之1、150之2、150之3(天賜神筆館及大媽野菜館)、152、152-1號,8,5戶以上,高,南投012,8
23.9889191129009,121.021143313137,1013,投縣DF066,南投縣,埔里鎮,蜈蚣里,CD01,252217,2653625,埔里鎮蜈蚣里中山路一段89、91、92、96、98-1、101、102-1、102-3、102-3、103、103-1、105、105-1、107、108、110、111、114、115、117、119、120、120-1、123、129號，共25戶,25,5戶以上,中,南投A011,25
23.9893839303949,121.021607023833,1014,投縣DF067,南投縣,埔里鎮,蜈蚣里,CD01,252322,2653745,埔里鎮蜈蚣里中山路一段96、98-1、101、102-1、102-3、102-3、103、103-1、105、105-1、107、108、110、114、115、117、119、123號，共18戶,18,5戶以上,中,南投A010,18
23.9902461956565,121.02443716759,1015,投縣DF068,南投縣,埔里鎮,蜈蚣里,CD01,252617,2653851,埔里鎮蜈蚣里中山路一段83、84號,2,1~4戶,低,南投A009,2
23.994159149567,121.032934551727,1016,投縣DF069,南投縣,埔里鎮,蜈蚣里,CD01,253406,2654315,無,0,無,低,南投A008,0
23.9952896967675,121.037023500096,1017,投縣DF070,南投縣,埔里鎮,蜈蚣里,CD01,253816,2654455,埔里鎮蜈蚣里中山路一段60（3戶共用門牌）及65、67號，共4戶,4,1~4戶,低,南投A007,4
23.9970754878116,121.039096545535,1018,投縣DF071,南投縣,埔里鎮,蜈蚣里,CD01,254108,2654581,埔里鎮蜈蚣里中山路一段22、24~43、45~50、52、53、62-2號,30,5戶以上,高,南投009,30
23.96503489963,121.02868163632,1019,投縣DF239,南投縣,埔里鎮,蜈蚣里,CD01,253085,2651197,埔里鎮蜈蚣里墘溪路35、無門牌住戶1戶，共2戶,2,1~4戶,低,投縣M100-90,2
23.9664325307004,121.021995322487,1020,投縣DF240,南投縣,埔里鎮,蜈蚣里,CD01,252315,2651402,埔里鎮蜈蚣里墘溪二巷2號(5戶)、墘溪43號，共6戶,6,5戶以上,高,投縣M100-89,6
23.965971345819,121.018084935125,1021,投縣DF241,南投縣,埔里鎮,蜈蚣里,CD01,251846,2651087,埔里鎮蜈蚣里墘溪二巷1號、無門牌住戶3戶，共4戶,4,1~4戶,中,投縣M100-88,4
23.9997370106641,121.046654978265,1022,投縣DF243,南投縣,埔里鎮,蜈蚣里,CD01,254769,2655130,無門牌住戶1戶,1,1~4戶,低,投縣M100-84,1
24.0131684410835,120.983613152424,1023,投縣DF074,南投縣,埔里鎮,福興里,CD01,248858,2656455,埔里鎮福興里大坑巷1-11，1-23，6-3，7-2，7-6，8-1，8-3，8-5，8-7，9，11號,11,5戶以上,高,南投007,11
24.0227033334993,120.973963617926,1024,投縣DF075,南投縣,埔里鎮,福興里,CD01,247551,2657652,埔里鎮福興里福長路210巷65、67、82、83號，無門牌住戶2戶,6,5戶以上,高,南投A021,6
23.9117907108558,120.987745788936,1025,投縣DF045,南投縣,埔里鎮,麒麟里,CD01,248883,2645395,埔里鎮麒麟里過坑路75、78、80、80-1、82號，共5戶,5,5戶以上,低,南投A027,5
23.9235881176927,120.985429245919,1026,投縣DF046,南投縣,埔里鎮,麒麟里,CD01,248539,2646402,埔里鎮麒麟里中正路1、1-1、3、4、5、6、7號，共7戶,7,5戶以上,低,南投A028,7
23.9240715002701,120.986744253765,1027,投縣DF047,南投縣,埔里鎮,麒麟里,CD01,248722,2646418,埔里鎮麒麟里中正路1、2、7、9、11號，共5戶,5,5戶以上,低,南投A029,5
23.9250867047122,120.988952025372,1028,投縣DF048,南投縣,埔里鎮,麒麟里,CD01,248976,2646635,埔里鎮麒麟里中正路9、11、13、13-1、13-3、14、15、17、18-2、18-5號，共10戶,10,5戶以上,低,南投A030,10
23.9264640428341,120.992041368566,1029,投縣DF049,南投縣,埔里鎮,麒麟里,CD01,249238,2646722,埔里鎮麒麟里中正路18-5、19、19-3、19-4、19-5、19-8、20、20-1、21號及武界路13-3號，共10戶,10,5戶以上,低,南投A031,10
23.9140383230676,121.006335977846,1030,投縣DF050,南投縣,埔里鎮,麒麟里,CD01,251028,2644773,埔里鎮麒麟里武界路17、57-8、70、72、72-1、73、73-1、70-1、75、76、90、99-9號，共12戶,12,5戶以上,高,南投T002,12
23.9222547916827,121.005407169175,1031,投縣DF051,南投縣,埔里鎮,麒麟里,CD01,250745,2646260,埔里鎮麒麟里武界路46-1、46-2、46-6、51-2、53、54-1、54-2、54-5、54-6、55、56、56-6、57、58、60、61、67、67-1、68-1、69(寬龍宮)、69-1號，共21戶,21,5戶以上,高,南投020,21
23.9249582727236,121.004873694252,1032,投縣DF052,南投縣,埔里鎮,麒麟里,CD01,250751,2646730,埔里鎮麒麟里武界路23、23-1、23-2、24-1、24-3、25、28、28-6、28-7、28-9、28-10、30、31、31-9、38(富莉庭緣民宿)、40、40-1、42、43、45、46-1、46-2、46-3、46-6、47、50-1、52、63、63-1、64、71號，共31戶,31,5戶以上,高,南投017,31
23.9953540315753,120.766678126059,1033,投縣DF116,南投縣,草屯鎮,平林里,BD01,226217,2654644,草屯鎮平林里健行路151巷30號,1,1~4戶,低,南投A079,1
23.9966516220737,120.758966473965,1034,投縣DF246,南投縣,草屯鎮,平林里,CD01,225722,2654862,草屯鎮平林里平林巷54、55-1、56、57-1、58、80號及無門牌二戶，共約8戶,8,5戶以上,高,投縣M100-47,8
23.9770078458233,120.777461615121,1035,投縣DF117,南投縣,草屯鎮,雙冬里,BD01,227437,2652387,草屯鎮雙冬里中正路123、123-8、123-15、123-26號，共4戶,4,1~4戶,中,南投A078,4
23.9802155186939,120.781352729692,1036,投縣DF118,南投縣,草屯鎮,雙冬里,CD01,227757,2652690,草屯鎮雙冬里中正路110、109、109-1、109-2、111、105、113、114號，共8戶,8,5戶以上,高,南投A077,8
23.9924946064179,120.808142386266,1037,投縣DF119,南投縣,草屯鎮,雙冬里,CD01,230767,2654097,草屯鎮雙冬里中正路20-23、15-3、19-9、農舍2間共5戶,5,5戶以上,高,南投A076,5
23.995445149709,120.810751533338,1038,投縣DF120,南投縣,草屯鎮,雙冬里,CD01,230933,2654564,草屯鎮雙冬里中正路8-11、8號、無門牌工寮、廢棄房舍1間,4,1~4戶,中,南投A075,4
23.9974208101441,120.799009104823,1039,投縣DF247,南投縣,草屯鎮,雙冬里,BD01,229180,2654980,草屯鎮雙冬里24鄰石灼巷10-15號,1,1~4戶,中,投縣M100-51,1
23.9929017194797,120.863134109031,1040,投縣DF249,南投縣,國姓鄉,大石村,BD01,236234,2654370,無門牌住戶1戶,1,1~4戶,中,投縣M102-4,1
23.9931377851663,120.858287368919,1041,投縣DF249,南投縣,國姓鄉,大石村,CD01,235705,2654276,國姓鄉大石村中正路三段270-1號,1,1~4戶,中,投縣M102-4,1
24.0543653646855,120.845598473464,1042,投縣DF088,南投縣,國姓鄉,大旗村,CD01,234117,2661230,無,0,無,中,南投A056,0
24.041178820748,120.848072389722,1043,投縣DF089,南投縣,國姓鄉,大旗村,CD01,234489,2659740,無,0,無,低,南投A057,0
24.0537690486418,120.874268907147,1044,投縣DF090,南投縣,國姓鄉,大旗村,BD01,237295,2660892,無門牌農舍1戶,1,1~4戶,中,南投A047,1
24.0589873065789,120.939285299558,1045,投縣DF108,南投縣,國姓鄉,北港村,CD01,243854,2661488,國姓鄉北港村北原路15-1號、24號,2,1~4戶,低,南投N056,2
24.0619730802635,120.896651707175,1046,投縣DF109,南投縣,國姓鄉,北港村,CD01,239492,2662077,國姓鄉北港村長北路53-3、53-4、53-5、55、56、56-3號,6,5戶以上,高,南投A109,6
24.0622447821341,120.89394196105,1047,投縣DF109,南投縣,國姓鄉,北港村,CD02,239200,2662081,國姓鄉北港村長北路61-2、61-5、61-7、62、62-3、63、63-1號,7,5戶以上,高,南投A109,7
24.0590444105787,120.905081593797,1048,投縣DF110,南投縣,國姓鄉,北港村,CD01,240455,2661821,國姓鄉北港村長北路2、2-1、2-2、15-8、16-5、16-16、16-20、17、17-1、17-5、18、22、25、40-5、43-2號，共15戶,15,5戶以上,高,南投A108,15
24.0525272376937,120.910478081322,1049,投縣DF111,南投縣,國姓鄉,北港村,BD01,240918,2660516,國姓鄉北港村國姓路60-6、68-5號及無門牌二戶,4,1~4戶,低,南投A024,4
24.058387334542,120.917690239017,1050,投縣DF112,南投縣,國姓鄉,北港村,CD01,241702,2661338,國姓鄉北港村國姓路19、19-1、19-10、25、25-1、25-2、25-5、25-6、25-18、25-12號，共10戶,10,5戶以上,高,南投A107,10
24.0609607879614,120.910386904246,1051,投縣DF113,南投縣,國姓鄉,北港村,CD01,240928,2661997,國姓鄉北港村北圳巷1之6、1之16、2、4、11之1號,5,5戶以上,高,南投A023、投縣M106-3,5
24.0698332398344,120.907951368592,1052,投縣DF113,南投縣,國姓鄉,北港村,CD02,240487,2662845,國姓鄉北港村長北路7號,1,1~4戶,高,南投A023、投縣M106-3,1
24.069971135857,120.908591104326,1053,投縣DF113,南投縣,國姓鄉,北港村,CD03,240680,2662937,國姓鄉北港村長北路7號,1,1~4戶,高,南投A023、投縣M106-3,1
24.0633316224312,120.934288998802,1054,投縣DF245,南投縣,國姓鄉,北港村,CD01,243255,2662179,國姓鄉北港村北原路32、34-1(沙巴渡假村)、34-2號(梅之林山莊)、朝德堂,4,1~4戶,低,投縣M100-61,4
24.0708180910603,120.870810738048,1055,投縣DF084,南投縣,國姓鄉,長流村,CD01,236703,2662882,國姓鄉長流村9鄰長旗巷38(玉泉山莊文館)、38-2、38-3、39、39-1、39-2、40(玉泉山莊武館)、40-1、40-2、40-3、40-4、40-5、40-6、40-7、40-8、40-9、42、42-1號，共18戶,18,5戶以上,中,南投A048,18
24.0797814150863,120.853521612284,1056,投縣DF085,南投縣,國姓鄉,長流村,CD01,235120,2663716,無,0,無,低,南投A049,0
24.0851351147015,120.883332851427,1057,投縣DF114,南投縣,國姓鄉,長福村,CD01,238435,2664349,國姓鄉長福村大長路191、198、198-1、199、199-1、211、215、216號，共計8戶,8,5戶以上,高,南投A026,8
24.103501250265,120.893789723829,1058,投縣DF115,南投縣,國姓鄉,長福村,CD01,239400,2666351,國姓鄉長福村長[雙]巷36、45、47、48、49、50、50-1、51、52、53、53-1、55、56、57、62、63號及無門牌1戶，共計17戶,17,5戶以上,高,南投A025,17
24.084523652618,120.849126263669,1059,投縣DF086,南投縣,國姓鄉,長豐村,CD01,234716,2664576,無,0,無,低,南投A050,0
24.1029296424511,120.838521799596,1060,投縣DF087,南投縣,國姓鄉,長豐村,BD01,233335,2666451,無,0,無,中,南投A051,0
24.0997975489959,120.871278858431,1061,投縣DF251,南投縣,國姓鄉,長豐村,BD01,236871,2666150,國姓鄉長豐村東二巷30-1號,1,1~4戶,中,投縣M105-1,1
23.9521455730524,120.863117812768,1062,投縣DF101,南投縣,國姓鄉,南港村,CD01,235669,2649755,國姓鄉南港村南港路57-1(吉欣鹿場)、57-8(山芝騄水鹿莊園)、110-13號(羅氏後花園露營區)、無門牌1戶,4,1~4戶,中,南投A069,4
23.9288206294551,120.866003665038,1063,投縣DF102,南投縣,國姓鄉,南港村,CD01,236242,2647213,國姓鄉南港村港頭巷56-6、60(港源國小)、62-1號，共3戶,3,1~4戶,高,南投A066,3
23.9355043724073,120.865953251053,1064,投縣DF103,南投縣,國姓鄉,南港村,CD01,236190,2647835,國姓鄉南港村南港路15、15-2、26、26-1號，共4戶,4,1~4戶,中,南投A067,4
23.9172454374073,120.864579671738,1065,投縣DF104,南投縣,國姓鄉,南港村,CD01,236058,2645767,國姓鄉南港村港頭巷34、36-1號、無門牌住戶2戶,4,1~4戶,中,南投A065,4
23.9148750521927,120.864293789299,1066,投縣DF105,南投縣,國姓鄉,南港村,CD01,235959,2645634,國姓鄉南港村港頭巷28、30號與無門牌住戶1戶，共3戶,4,1~4戶,中,南投A064,4
23.9102843084306,120.863535616468,1067,投縣DF106,南投縣,國姓鄉,南港村,CD01,235914,2644965,國姓鄉南港村港頭巷15-1號,1,1~4戶,中,南投A063,1
23.9488205756098,120.869371863985,1068,投縣DF107,南投縣,國姓鄉,南港村,CD01,236857,2649280,國姓鄉南港村南港路81、81-1、81-2、81-3、81-4、81-5、81-6、81-7、81-8、81-9、81-10、81-11、82、83、95-7、95-8、95-13、95-15、106、108、110、110-1、110-2、110-3、110-4、110-5、110-6、110-7、110-8、110-9號，共30戶,30,5戶以上,高,南投A068,30
23.9095635010802,120.853661216696,1069,投縣DF231,南投縣,國姓鄉,南港村,BD01,234991,2645018,國姓鄉南港村15鄰樟湖路14號,1,1~4戶,中,投縣M100-65,1
23.9986296393468,120.846806594733,1070,投縣DF100,南投縣,國姓鄉,柑林村,CD01,234352,2654739,國姓鄉柑林村7鄰昌榮巷69、74、74-1、74-3、74-6號，共5戶,5,5戶以上,高,南投A060,5
24.0627068640016,120.819444062462,1071,投縣DF091,南投縣,國姓鄉,乾溝村,CD01,231885,2662122,國姓鄉乾溝村中西巷111、111之1、111之2、111之4、111之5號等，共計5戶,5,5戶以上,中,南投A052,5
24.0591159638713,120.816786286253,1072,投縣DF092,南投縣,國姓鄉,乾溝村,CD01,231458,2661430,無,0,無,低,南投A053,0
24.0281724798841,120.832941515757,1073,投縣DF093,南投縣,國姓鄉,乾溝村,CD01,232959,2658272,無,0,無,低,南投A058,0
24.0286519467886,120.828912076172,1074,投縣DF094,南投縣,國姓鄉,乾溝村,CD01,232528,2658453,國姓鄉乾溝村西東巷5、5之1、5之2、5之6、7、8、10、20號及無門牌號碼1戶，共計9戶,9,5戶以上,高,南投A059,9
24.0280694798023,120.820756388869,1075,投縣DF095,南投縣,國姓鄉,乾溝村,CD01,231784,2658287,國姓鄉乾溝村西東巷6、6-2、89號,3,1~4戶,低,南投A110,3
24.040147175223,120.80946617024,1076,投縣DF096,南投縣,國姓鄉,乾溝村,CD01,230754,2659565,國姓鄉乾溝村中西巷45之1、49、49之5、49之8、50之2號等，共計5戶,5,5戶以上,中,南投057,5
24.0450259179533,120.809924174009,1077,投縣DF097,南投縣,國姓鄉,乾溝村,BD01,230807,2660116,國姓鄉乾溝村中西巷50-2、66-1、67、68、70號、無門牌戶兩戶,7,5戶以上,中,南投A054,7
24.0423224948139,120.807793070912,1078,投縣DF098,南投縣,國姓鄉,乾溝村,CD01,230282,2659812,國姓鄉乾溝村中西巷50、51號,2,1~4戶,低,南投A055,2
24.0361156406463,120.809190628722,1079,投縣DF099,南投縣,國姓鄉,乾溝村,CD01,230370,2659104,國姓鄉乾溝村中西巷50號,1,1~4戶,低,南投A111,1
24.0290236311373,120.815835021586,1080,投縣DF252,南投縣,國姓鄉,乾溝村,CD01,231314,2658343,國姓鄉乾溝村3鄰中西巷30、31-1號,2,1~4戶,中,投縣M105-7,2
24.0305325940025,120.80817608002,1081,投縣DF253,南投縣,國姓鄉,乾溝村,CD01,230335,2658472,國姓鄉乾溝村中西巷39號,1,1~4戶,低,投縣M105-6,1
24.0060316225408,120.818189345636,1082,投縣DF230,南投縣,國姓鄉,福龜村,CD01,231635,2655699,國姓鄉福龜村中正路一段249-1號,1,1~4戶,中,投縣M100-71,1
23.8645111328825,120.950891711607,1083,投縣DF081,南投縣,魚池鄉,大林村,BD01,245068,2639143,魚池鄉大林村金天巷45號(九族文化村),1,1~4戶,中,南投021,1
23.90176490012,120.869604487026,1084,投縣DF076,南投縣,魚池鄉,五城村,CD01,236910,2644220,魚池鄉五城村五城巷76號,1,1~4戶,低,南投A062,1
23.8996127000361,120.86951516226,1085,投縣DF078,南投縣,魚池鄉,五城村,CD01,236929,2643897,魚池鄉五城村五城巷77、83、88號；水里鄉新興村新興巷75、75-1、78、80、81、82、無門牌住戶1戶，共計10戶,10,5戶以上,高,南投A061,10
23.8687724455857,120.874052828226,1086,投縣DF079,南投縣,魚池鄉,五城村,CD01,237250,2640481,無,0,無,持續觀察,南投054,0
23.8466689425418,120.93313624762,1087,投縣DF080,南投縣,魚池鄉,日月村,BD01,243431,2637722,魚池鄉日月村山明街58號、中正路223、225、227、229、231、233、239、241、245、247、249、251、253、256、258、260、270、272~281、283、285、286~289、293、295、297、298、299-1、301-1、303-1、305-1、305-3、305-5、309�,120,5戶以上,高,南投A080,120
23.8460902944336,120.936504221461,1088,投縣DF080,南投縣,魚池鄉,日月村,BD02,243837,2638064,無,0,無,高,南投A080,0
23.877508132018,120.972291488559,1089,投縣DF082,南投縣,魚池鄉,東光村,CD01,247387,2641330,魚池鄉東光村興善巷30、31-5、31-31號、東光苗圃,4,1~4戶,中,南投A032,4
23.9246004434457,120.93894386079,1090,投縣DF083,南投縣,魚池鄉,新城村,CD01,243848,2646814,魚池鄉新城村香茶巷10、17-1、22-1號,3,1~4戶,低,南投A033,3
23.671338165136,120.78946414961,1091,投縣DF139,南投縣,鹿谷鄉,內湖村,BD01,228396,2618396,鹿谷鄉內湖村森林巷10-10、11-5、11-6、11-7、11-8、11-9、15號，共計7戶,7,5戶以上,高,南投A104,7
23.6762151724581,120.791068417647,1092,投縣DF139,南投縣,鹿谷鄉,內湖村,CD01,228630,2618948,鹿谷鄉內湖村興產路8-3、8-5、8-6、8-7、9、9-1、10、11、11之2、12號及雲頂山莊，共計11戶,11,5戶以上,高,南投A104,11
23.6678189230334,120.793002595064,1093,投縣DF140,南投縣,鹿谷鄉,內湖村,BD01,228820,2618086,無,0,無,中,南投A103,0
23.6724183365474,120.79509199934,1094,投縣DF140,南投縣,鹿谷鄉,內湖村,CD01,228997,2618548,鹿谷鄉內湖村興產路1(員林客運溪頭站)、1-12、1-13、1-14、1-15、16-1、1-17、1-18、1-20、1-22(溪頭派出所)號，共計10戶,10,5戶以上,中,南投A103,10
23.6627312999776,120.798158878294,1095,投縣DF141,南投縣,鹿谷鄉,內湖村,AD01,229534,2617462,無,0,無,高,南投A102,0
23.667619759956,120.797370006304,1096,投縣DF141,南投縣,鹿谷鄉,內湖村,BD01,229306,2617911,竹蘆(原溪頭蔣公行館),1,1~4戶,高,南投A102,1
23.6735964237606,120.795720159902,1097,投縣DF141,南投縣,鹿谷鄉,內湖村,CD01,229261,2618576,鹿谷鄉內湖村興產路1(員林客運溪頭站)、1-12、1-13、1-14、1-15、16-1、1-17、1-18、1-20、1-22(溪頭派出所)、2-2、2-3、9(森林生態展示中心)號，共計13戶,13,5戶以上,高,南投A102,13
23.6713560537936,120.798294895996,1098,投縣DF142,南投縣,鹿谷鄉,內湖村,CD01,229551,2618441,鹿谷鄉內湖村森林巷10(福華紅樓)、11-8、13-3號及6棟溪頭森林遊樂區小木屋(無門牌)，共計9戶,9,5戶以上,中,南投A101,9
23.6860922417807,120.793906846205,1099,投縣DF143,南投縣,鹿谷鄉,內湖村,CD01,229239,2620426,無門牌工寮一座，共1戶,1,1~4戶,中,南投042,1
23.6922076398753,120.785420097618,1100,投縣DF144,南投縣,鹿谷鄉,內湖村,CD01,228348,2620813,鹿谷鄉內湖村興產路29-1、35、35-3、36-2(溪谷餐廳)號，共4戶,4,1~4戶,高,南投044,4
23.6906643260126,120.789116028835,1101,投縣DF144,南投縣,鹿谷鄉,內湖村,CD02,228762,2620723,開山廟，共1戶,1,1~4戶,高,南投044,1
23.7032280551813,120.781333436476,1102,投縣DF145,南投縣,鹿谷鄉,內湖村,CD01,227945,2621987,鹿谷鄉內湖村興產路47-21號，谷豐山莊；興產路50-5號，新明山渡假村，共2戶,2,1~4戶,中,南投046,2
23.7001310105592,120.786071561688,1103,投縣DF145,南投縣,鹿谷鄉,內湖村,CD02,228440,2621654,無門牌號碼農舍1戶,1,1~4戶,中,南投046,1
23.7135685098433,120.779262506442,1104,投縣DF146,南投縣,鹿谷鄉,內湖村,CD01,227718,2623398,無,0,無,低,南投048,0
23.7245769588113,120.776952117775,1105,投縣DF147,南投縣,鹿谷鄉,內湖村,CD01,227464,2624382,鹿谷鄉內湖村興產路74-20號(紫林莊)，興產路70-6號(金燕莊)，興產路76號(德興飯店)，興產路76-1號、77號、78-1、79號，興產路79-1號(福林莊)，興產路8號、8-1號、無門牌住戶1戶，共11戶,11,5戶以上,高,南投049,11
23.7217635085119,120.782244778725,1106,投縣DF147,南投縣,鹿谷鄉,內湖村,CD02,228054,2624158,無門牌號碼農舍1戶,1,1~4戶,高,南投049,1
23.6740741132583,120.800237341973,1107,投縣DF233,南投縣,鹿谷鄉,內湖村,BD01,229906,2618972,鹿谷鄉內湖村興產路2-1號(2戶共用門牌)、5-10號與無門牌住戶1戶，共4戶,4,1~4戶,中,投縣M100-73,4
23.6765077864682,120.797005118273,1108,投縣DF233,南投縣,鹿谷鄉,內湖村,CD01,229434,2619122,鹿谷鄉內湖村興產路2-1號(2戶共用門牌)及5-10號等3戶，共4戶,4,1~4戶,中,投縣M100-73,4
23.6837606100282,120.795114915204,1109,投縣DF261,南投縣,鹿谷鄉,內湖村,CD01,229339,2619874,鹿谷鄉內湖村米堤街1號(溪頭米堤飯店),1,1~4戶,低,投縣M105-14,1
23.7588954866532,120.788871343405,1110,投縣DF149,南投縣,鹿谷鄉,永隆村,BD01,228308,2628263,鹿谷鄉永隆村12鄰秀林巷16-20、17-1、24、25-7、26、26-1、27、38號(溪底城集會所)，共8戶,8,5戶以上,中,南投A094,8
23.7190246215031,120.759475328831,1111,投縣DF135,南投縣,鹿谷鄉,竹林村,CD01,225533,2623658,鹿谷鄉竹林村5鄰田頭巷37-8、39、40、41、41-2、42號、4鄰田頭巷45、45-1、46、47、47-1、48、49、50、50-1、50-6、51、52、52-8、53、54號，共21戶,21,5戶以上,高,南投047,21
23.7765565104852,120.740262736755,1112,投縣DF134,南投縣,鹿谷鄉,初鄉村,CD01,223475,2630337,鹿谷鄉初鄉村中村巷11、11-1、11-2、27、27-1、35號,6,5戶以上,中,南投A096,6
23.7046316128991,120.774555480525,1113,投縣DF136,南投縣,鹿谷鄉,和雅村,CD01,226939,2622293,鹿谷鄉和雅村愛鄉路49、63-30、65-8號,3,1~4戶,低,南投N015,3
23.6904808048558,120.784138138322,1114,投縣DF137,南投縣,鹿谷鄉,和雅村,CD01,227923,2620528,鹿谷鄉和雅村愛鄉路1、1-6號、內湖村興產路32-6號(溪谷餐廳),3,1~4戶,中,南投045,3
23.6897221346652,120.785687913977,1115,投縣DF138,南投縣,鹿谷鄉,和雅村,CD01,228297,2620507,鹿谷鄉和雅村愛鄉路1號,1,1~4戶,中,南投043,1
23.7034023924548,120.7743736189,1116,投縣DF212,南投縣,鹿谷鄉,和雅村,CD01,226888,2622123,鹿谷鄉和雅村愛鄉路45、46、46-1、46-3、46-6、47、47-2、48、50、52、59、60、60-1、61、62、62-1、62-5、63-1、63-2、63-3、63-18、64、64-1(能通休閒農場)、65號，共計24戶,24,5戶以上,高,南投N015-1,24
23.7023441953301,120.775489403257,1117,投縣DF213,南投縣,鹿谷鄉,和雅村,CD01,227134,2622003,鹿谷鄉和雅村愛鄉路43(4戶)、43-1、43-8、44、47號，共計8戶,8,5戶以上,高,南投N015-2,8
23.8099067312391,120.804568470888,1118,投縣DF232,南投縣,鹿谷鄉,瑞田村,CD01,229952,2633710,鹿谷鄉瑞田村9鄰仁愛路46、46-1、46-2號(鄰長家)及1鄰仁愛路35、40、號等共計5戶,5,5戶以上,高,投縣M100-77,5
23.7190310971426,120.819793466837,1119,投縣DF148,南投縣,鹿谷鄉,鳳凰村,CD01,231542,2623825,鹿谷鄉鳳凰村田底巷2-3(龍順宮)、3號(文賓製茶所),2,1~4戶,低,南投N010,2
23.7175679641162,120.821455373537,1120,投縣DF214,南投縣,鹿谷鄉,鳳凰村,CD01,231731,2623718,鹿谷鄉鳳凰村1鄰田底巷3-30、3-31(2戶)、3-32(2戶)、3-37、4(2戶)號,8,5戶以上,中,南投N010-1,8
23.8307079073016,120.8062678723,1121,投縣DF127,南投縣,集集鎮,廣明里,CD01,230509,2636289,無門牌住戶(鐵皮屋工廠),1,1~4戶,中,南投A093,1
